Sample,Cruise,HLIIReplication,HLIIsd,Latitude,Year,Month,Day,Local_Hour,Local_Minute,AdjustedHour,Noon-to-Noon,Total Day
I07004,I07N,0.03879307,0.001694079,-29.9968,2018,4,25,12,0,11.69891074,0,1
I07006,I07N,0.25198436,0.001795807,-30.0118,2018,4,25,16,0,15.80789074,1,1
I07010,I07N,0.242743075,0.001589946,-29.9998,2018,4,25,20,0,19.87238407,1,1
I07014,I07N,0.057743436,0.001808458,-29.9997,2018,4,26,0,0,23.94483065,1,2
I07018,I07N,0.046752375,0.001795065,-29.9998,2018,4,26,4,0,4.008290652,1,2
I07022,I07N,0.073242876,0.001878858,-30.0003,2018,4,26,8,0,8.068230652,1,2
I07026,I07N,0.051014968,0.001831429,-29.9999,2018,4,26,12,0,12.12814399,2,2
I07029,I07N,0.456625633,0.001836396,-29.9999,2018,4,26,16,0,16.19290399,2,2
I07033,I07N,0.217013264,0.002607023,-29.9998,2018,4,26,19,0,19.25543065,2,2
I07039,I07N,0.133729326,0.00167188,-30.0007,2018,4,27,0,0,24.32057308,2,3
I07040,I07N,0.082528307,0.00178816,-30.0002,2018,4,27,4,0,4.371553076,2,3
I07048,I07N,0.067544087,0.002158816,-30.0012,2018,4,27,12,0,12.45143974,3,3
I07051,I07N,0.131907162,0.001775743,-29.9996,2018,4,27,16,0,16.49281974,3,3
I07063,I07N,0.039010175,0.00195072,-29.9998,2018,4,28,4,0,3.67346234,3,4
I07067,I07N,0.08009438,0.0018935,-29.9034,2018,4,28,8,0,7.673449007,3,4
I07070,I07N,0.085625873,0.002107598,-29.4962,2018,4,28,12,0,11.67340901,3,4
I07072,I07N,0.121402323,0.00138635,-29.4989,2018,4,28,16,0,15.67860901,4,4
I07076,I07N,0.276502577,0.00171429,-28.9572,2018,4,28,20,0,19.67340234,4,4
I07084,I07N,0.053938453,0.002127256,-28.4941,2018,4,29,4,0,3.675876316,4,5
I07088,I07N,0.026305727,0.002113243,-28.3245,2018,4,29,8,0,7.675702983,4,5
I07092,I07N,0.05950413,0.002087454,-27.9928,2018,4,29,12,0,11.67570965,4,5
I07095,I07N,0.105583933,0.001620962,-27.9528,2018,4,29,16,0,15.67570298,5,5
I07099,I07N,0.230175837,0.001743165,-27.6598,2018,4,29,20,0,19.67558965,5,5
I07102,I07N,0.091806619,0.001751676,-27.4168,2018,4,29,0,0,23.67524965,5,5
I07106,I07N,0.040245556,0.002047095,-27.3308,2018,4,30,4,0,3.677319746,5,6
I07110,I07N,0.040487124,0.002170669,-27.0003,2018,4,30,8,0,7.677433079,5,6
I07114,I07N,0.040783544,0.002019484,-26.7799,2018,4,30,12,0,11.67755975,5,6
I07117,I07N,0.191887379,0.001626083,-26.6692,2018,4,30,16,0,15.67758641,6,6
I07121,I07N,0.31684689,0.001748464,-26.3266,2018,4,30,20,0,19.67854641,6,6
I07125,I07N,0.102430577,0.001249476,-26.0627,2018,5,1,0,0,23.68065091,6,7
I07132,I07N,0.142075754,0.001968677,-25.6592,2018,5,1,8,0,7.680790912,6,7
I07135,I07N,0.055836333,0.001682548,-25.5816,2018,5,1,12,0,11.68082425,6,7
I07142,I07N,0.315881675,0.002261253,-24.9958,2018,5,1,20,0,19.68053758,7,7
I07146,I07N,0.157222464,0.001536088,-24.9473,2018,5,2,0,0,23.6833883,7,8
I07150,I07N,0.040943642,0.001693148,-24.6612,2018,5,2,4,0,3.682741638,7,8
I07154,I07N,0.070799094,0.001864908,-24.3338,2018,5,2,8,0,7.683868305,7,8
I07158,I07N,0.050571069,0.00155276,-24.0535,2018,5,2,12,0,11.68337497,7,8
I07165,I07N,0.389593165,0.001910778,-23.6558,2018,5,2,20,0,19.68363497,8,8
I07169,I07N,0.107538402,0.00191686,-23.3326,2018,5,3,0,0,23.68470395,8,9
I07173,I07N,0.031996765,0.002035542,-22.9933,2018,5,3,4,0,3.684710621,8,9
I07177,I07N,0.087737593,0.001835319,-22.9166,2018,5,3,8,0,7.684690621,8,9
I07181,I07N,0.05435338,0.001586865,-22.4947,2018,5,3,12,0,11.68453729,8,9
I07184,I07N,0.095628832,0.001720664,-22.0147,2018,5,3,16,0,15.68486395,9,9
I07188,I07N,0.311995934,0.001675583,-21.9951,2018,5,3,20,0,19.68581729,9,9
I07192,I07N,0.104019884,0.002248562,-21.4986,2018,5,4,0,0,23.6740301,9,10
I07196,I07N,0.081697734,0.001535524,-21.205,2018,5,4,4,0,3.681570101,9,10
I07200,I07N,0.107246513,0.001811764,-21.001,2018,5,4,8,0,7.686836767,9,10
I07203,I07N,0.108990262,0.001613144,-20.5022,2018,5,4,12,0,11.68735677,9,10
I07205,I07N,0.073753513,0.00178767,-20.3369,2018,5,4,16,0,15.68690343,10,10
I07209,I07N,0.361868103,0.001721435,-19.9971,2018,5,4,20,0,19.6860101,10,10
I07213,I07N,0.105807488,0.001639801,-19.6282,2018,5,5,0,0,23.69598586,10,11
I07217,I07N,0.112027017,0.002004014,-19.4888,2018,5,5,4,0,3.699225859,10,11
I07225,I07N,0.085537591,0.001456092,-18.8598,2018,5,5,12,0,11.71281253,10,11
I07228,I07N,0.0510987,0.0018646,-18.5029,2018,5,5,16,0,15.72047919,11,11
I07232,I07N,0.376649164,0.001744774,-18.1222,2018,5,5,20,0,19.72108586,11,11
I07236,I07N,0.13070283,0.002337743,-18.0187,2018,5,6,0,0,23.72296389,11,12
I07244,I07N,0.053077735,0.001527595,-17.3325,2018,5,6,8,0,7.722370554,11,12
I07248,I07N,0.039274713,0.001591653,-16.7954,2018,5,6,12,0,11.72251722,11,12
I07251,I07N,0.125459166,0.00200153,-16.4186,2018,5,6,16,0,15.72240389,12,12
I07255,I07N,0.271295174,0.001499757,-16.2271,2018,5,6,20,0,19.72241722,12,12
I07259,I07N,0.08516343,0.00191786,-15.6515,2018,5,7,0,0,23.72389038,12,13
I07263,I07N,0.060729345,0.002236611,-15.5602,2018,5,7,4,0,3.723890383,12,13
I07267,I07N,0.03760401,0.002242715,-15.091,2018,5,7,8,0,7.72389705,12,13
I07271,I07N,0.041321618,0.001404201,-14.68,2018,5,7,12,0,11.72401038,12,13
I07274,I07N,0.139487155,0.001757013,-14.5181,2018,5,7,16,0,15.72410372,13,13
I07278,I07N,0.252371685,0.001934693,-13.9534,2018,5,7,20,0,19.72384372,13,13
I07282,I07N,0.049692517,0.001746135,-13.8991,2018,5,8,0,0,23.72485175,13,14
I07288,I07N,0.089722604,0.001630424,-13.3895,2018,5,8,4,0,3.724398421,13,14
I07290,I07N,0.086321555,0.001660503,-13.1164,2018,5,8,8,0,7.724671755,13,14
I07294,I07N,0.030323543,0.001406404,-12.8191,2018,5,8,12,0,11.72493175,13,14
I07297,I07N,0.068103431,0.002229594,-12.2442,2018,5,8,16,0,15.72456509,14,14
I07301,I07N,0.360482841,0.001315156,-12.2089,2018,5,8,20,0,19.72230509,14,14
I07305,I07N,0.096674109,0.001343665,-11.8754,2018,5,9,0,0,23.69589462,14,15
I07309,I07N,0.005145293,0.001464888,-11.731,2018,5,9,4,0,3.684587949,14,15
I07313,I07N,0.062161918,0.001535123,-11.499,2018,5,9,8,0,7.666527949,14,15
I07316,I07N,0.369138367,0.002010893,-11.1282,2018,5,10,12,0,11.63768579,15,16
I07320,I07N,0.204065497,0.002026789,-11.0668,2018,5,10,20,0,19.63269912,16,16
I07324,I07N,0.055457799,0.001986805,-10.7525,2018,5,11,0,0,23.60799896,16,17
I07328,I07N,0.057638266,0.001533472,-10.513,2018,5,11,4,0,3.588838957,16,17
I07332,I07N,0.036843601,0.0018184,-10.3834,2018,5,11,8,0,7.57853229,16,17
I07336,I07N,0.067623666,0.001605263,-10,2018,5,11,12,0,12.54850562,17,17
I07339,I07N,0.171964109,0.001927403,-9.8585,2018,5,11,16,0,16.53706562,17,17
I07343,I07N,0.245008544,0.001980413,-9.632,2018,5,11,20,0,20.51881229,17,17
I07347,I07N,0.040746337,0.001731501,-9.2568,2018,5,12,0,0,24.48975469,17,18
I07351,I07N,0.036326573,0.001474775,-9.1206,2018,5,12,4,0,4.502261359,17,18
I07355,I07N,0.042770164,0.001538924,-8.9121,2018,5,12,8,0,8.521048026,17,18
I07359,I07N,0.059645153,0.002092167,-8.7341,2018,5,12,12,0,12.53748803,18,18
I07362,I07N,0.123040579,0.001834557,-8.555,2018,5,12,16,0,16.55330136,18,18
I07366,I07N,0.273804419,0.00186393,-8.4557,2018,5,12,20,0,20.55970136,18,18
I07370v1,I07N,0.210385212,0.001707743,-8.3752,2018,5,13,0,0,23.56986042,18,19
I07374,I07N,0.032893919,0.001945755,-8.1975,2018,5,13,4,0,3.585580423,18,19
I07378,I07N,0.039095587,0.001906906,-8.1086,2018,5,13,8,0,7.599740423,18,19
I07382,I07N,0.021023842,0.001958388,-8.0046,2018,5,13,12,0,11.61445376,18,19
I07385,I07N,0.310216702,0.001861665,-7.7584,2018,5,13,16,0,15.62562709,19,19
I07389,I07N,0.305170397,0.00176341,-7.5173,2018,5,13,20,0,19.63673376,19,19
I07393,I07N,0.059558215,0.001880698,-7.0804,2018,5,14,0,0,23.65700378,19,20
I07401,I07N,0.088751254,0.002064769,-6.5524,2018,5,14,8,0,7.680950446,19,20
I07405,I07N,0.052274726,0.00141613,-6.2147,2018,5,14,12,0,11.69662378,19,20
I07408,I07N,0.261364206,0.002400979,-6.0822,2018,5,14,16,0,15.70355711,20,20
I07412,I07N,0.174514553,0.002113738,-5.5879,2018,5,14,20,0,19.72546378,20,20
I07416,I07N,0.06262308,0.001588372,-5.3475,2018,5,15,0,0,23.73615926,20,20.5
I07420,I07N,0.094811043,0.002054636,-5.1055,2018,5,15,4,0,3.747225923,20,20.5
I07423,I07N,0.044239918,0.001011941,-3.7064,2018,5,20,0,0,23.75725936,21,22
I07427,I07N,0.079458173,0.002095944,-3.4765,2018,5,20,4,0,3.779599359,21,22
I07431,I07N,0.083939065,0.001885079,-3.2372,2018,5,20,8,0,7.792772692,21,22
I07435,I07N,0.045313127,0.001713458,-2.9955,2018,5,20,12,0,11.80568603,21,22
I07442,I07N,0.290819858,0.001850386,-2.7412,2018,5,20,20,0,19.82129936,22,22
I07446,I07N,0.156338071,0.002121389,-2.2649,2018,5,21,0,0,23.84624941,22,23
I07450,I07N,0.069696817,0.002012748,-2.0798,2018,5,21,4,0,3.856082743,22,23
I07454,I07N,0.057018419,0.001557441,-1.7693,2018,5,21,8,0,7.873376076,22,23
I07458,I07N,0.033124754,0.002206511,-1.273,2018,5,21,12,0,11.87424941,22,23
I07461,I07N,0.090405063,0.002051384,-1.2307,2018,5,21,16,0,15.87538274,23,23
I07465,I07N,0.268790217,0.00205757,-0.8648,2018,5,21,20,0,19.87482274,23,23
I07469,I07N,0.063929058,0.002020296,-0.8192,2018,5,22,0,0,23.87465838,23,24
I07473,I07N,0.051923774,0.001788567,-0.5058,2018,5,22,4,0,3.87499171,23,24
I07477,I07N,0.037908896,0.001916111,-0.2462,2018,5,22,8,0,7.875758377,23,24
I07481,I07N,0.073010598,0.001734706,-0.082,2018,5,22,12,0,11.87546504,23,24
I07484,I07N,0.143552376,0.00183181,-0.0032,2018,5,22,16,0,15.87544504,24,24
I07488,I07N,0.227865865,0.001468031,0.2468,2018,5,22,20,0,19.87618504,24,24
I07492,I07N,0.078725212,0.002340245,0.2463,2018,5,23,0,0,23.87443557,24,25
I07496,I07N,0.052692127,0.002277417,0.4957,2018,5,23,4,0,3.875068906,24,25
I07500,I07N,0.060334669,0.002175399,0.9314,2018,5,23,8,0,7.87612224,24,25
I07504,I07N,0.040357605,0.001391186,1.0038,2018,5,23,12,0,11.87611557,24,25
I07511,I07N,0.228004731,0.001667973,1.4607,2018,5,23,20,0,19.87698891,25,25
I07515,I07N,0.245555405,0.00174922,1.7747,2018,5,24,0,0,23.87645715,25,26
I07519,I07N,0.076656144,0.001875537,2.0037,2018,5,24,4,0,3.87721715,25,26
I07523,I07N,0.057287697,0.002000503,2.3984,2018,5,24,8,0,7.901350483,25,26
I07527,I07N,0.093573498,0.001701578,2.5621,2018,5,24,12,0,11.91213715,25,26
I07531,I07N,0.094311399,0.001736409,2.7984,2018,5,24,16,0,15.92590382,26,26
I07535,I07N,0.279812042,0.002130289,3.1844,2018,5,24,20,0,19.94957048,26,26
I07539,I07N,0.091871353,0.001729384,3.1944,2018,5,25,0,0,23.94886609,26,27
I07543,I07N,0.091557767,0.002030254,3.5943,2018,5,25,4,0,3.97304609,26,27
I07547,I07N,0.071156311,0.001947096,3.6588,2018,5,25,8,0,7.972819424,26,27
I07551,I07N,0.058896844,0.002342294,3.9972,2018,5,25,12,0,11.99746609,26,27
I07555,I07N,0.105932399,0.002260959,4.3504,2018,5,25,16,0,16.01941942,27,27
I07559,I07N,0.400113551,0.001773715,4.3887,2018,5,25,20,0,20.02189942,27,27
I07563,I07N,0.08288342,0.002238557,4.7965,2018,5,26,0,0,24.04483221,27,28
I07567,I07N,0.053679898,0.001859179,5.0555,2018,5,26,4,0,4.060692207,27,28
I07571,I07N,0.045282845,0.001463211,5.2018,2018,5,26,8,0,8.069532207,27,28
I07575,I07N,0.045486996,0.001613453,5.5952,2018,5,26,12,0,12.09380554,28,28
I07579,I07N,0.066743401,0.002065944,5.9556,2018,5,26,16,0,16.11577221,28,28
I07583,I07N,0.369098977,0.001752178,5.9936,2018,5,26,20,0,20.11808554,28,28
I07587,I07N,0.116260399,0.002171346,6.402,2018,5,27,0,0,24.14117214,28,29
I07591,I07N,0.077477702,0.002040945,6.5259,2018,5,27,4,0,4.148932138,28,29
I07595,I07N,0.071011582,0.001942217,6.7902,2018,5,27,8,0,8.165385471,28,29
I07599,I07N,0.043075399,0.00193417,7.1237,2018,5,27,12,0,12.18547214,29,29
I07603,I07N,0.053100412,0.001557446,7.2096,2018,5,27,16,0,16.1907188,29,29
I07611,I07N,0.097781427,0.001826808,7.795,2018,5,28,0,0,24.22488267,29,30
I07615,I07N,0.061507936,0.001638987,7.9896,2018,5,28,4,0,4.236916007,29,30
I07619,I07N,0.05902585,0.00191951,8.395,2018,5,28,8,0,8.261436007,29,30
I07623,I07N,0.059219259,0.001748032,8.5453,2018,5,28,12,0,12.27072267,30,30
I07627,I07N,0.080119766,0.001624756,8.7947,2018,5,28,16,0,16.28612934,30,30
I07631,I07N,0.356850614,0.00149776,9.1341,2018,5,28,20,0,20.30676934,30,30
I07635,I07N,0.102779066,0.002017141,9.1954,2018,5,29,0,0,24.30872075,30,31
I07639,I07N,0.042702294,0.002050584,9.5969,2018,5,29,4,0,4.333034087,30,31
I07643,I07N,0.091413256,0.001673647,9.6741,2018,5,29,8,0,8.337940754,30,31
I07647,I07N,0.068691841,0.002276166,9.9845,2018,5,29,12,0,12.35768742,31,31
I07651,I07N,0.070181065,0.002264733,10.3669,2018,5,29,16,0,16.35777409,31,31
I07655,I07N,0.31526631,0.001719672,10.5378,2018,5,29,20,0,20.35766742,31,31
I07659,I07N,0.155716578,0.002151635,11.0729,2018,5,30,0,0,24.35561013,31,32
I07663,I07N,0.079614356,0.001664561,11.131,2018,5,30,4,0,4.355336796,31,32
I07667,I07N,0.091250301,0.001443308,11.6191,2018,5,30,8,0,8.355723463,31,32
I07671,I07N,0.065911355,0.001902165,12.0486,2018,5,30,12,0,12.35581013,32,32
I07675,I07N,0.07135989,0.001949881,12.1593,2018,5,30,16,0,16.35586346,32,32
I07679,I07N,0.202466618,0.002060659,12.7035,2018,5,30,20,0,20.3557368,32,32
I07683,I07N,0.152570077,0.001798528,12.8521,2018,5,31,0,0,24.35352136,32,33
I07687,I07N,0.046366322,0.001914557,13.2422,2018,5,31,4,0,4.353614691,32,33
I07695,I07N,0.057736059,0.002004899,13.7872,2018,5,31,12,0,12.35347469,33,33
I07703,I07N,0.213240971,0.001997442,14.4836,2018,5,31,20,0,20.35358802,33,33
I07707,I07N,0.1825308,0.001978151,14.8662,2018,6,1,0,0,24.35126513,33,34
I07710,I07N,0.070416886,0.001880509,15.0137,2018,6,1,4,0,4.368198462,33,34
I07714,I07N,0.028031563,0.001998385,15.1407,2018,6,1,8,0,8.382785129,33,34
I07718,I07N,0.026982492,0.00194231,15.4183,2018,6,1,12,0,12.41495846,34,34
I07722,I07N,0.111032604,0.001694773,15.4738,2018,6,1,16,0,16.42125846,34,34
I07726,I07N,0.356487522,0.001764025,15.689,2018,6,1,20,0,20.4460918,34,34
I07730,I07N,0.090108768,0.002007881,15.874,2018,6,2,0,0,24.4652456,34,35
I07734,I07N,0.034994639,0.001861529,15.9665,2018,6,2,4,0,4.475725599,34,35
I07738,I07N,0.042790887,0.001781942,16.2354,2018,6,2,8,0,8.507125599,34,35
I07742,I07N,0.062739457,0.001897187,16.4111,2018,6,2,12,0,12.52727893,35,35
I07746,I07N,0.088437558,0.001348958,16.5096,2018,6,2,16,0,15.53879893,35,35
I07754,I07N,0.15907113,0.001506652,16.7882,2018,6,3,0,0,23.56885371,35,36
I07758,I07N,0.046766542,0.00185415,17.063,2018,6,3,4,0,3.600073711,35,36
I07766,I07N,0.018575418,0.001651396,17.3319,2018,6,3,12,0,11.63218038,35,36
I07770,I07N,0.025513283,0.001811024,17.5483,2018,6,3,16,0,15.66368038,36,36
I07774,I07N,0.30744427,0.001923908,17.5735,2018,6,3,20,0,19.66747371,36,36
I07778,I07N,0.13427162,0.001864997,17.7202,2018,6,4,0,0,23.63162053,36,36.5
I07782,I07N,0.072987248,0.001644939,17.7915,2018,6,4,4,0,3.615013864,36,36.5
I07786,I07N,0.048970022,0.001576032,17.8666,2018,6,4,8,0,7.598187197,36,36.5
I07790,I07N,0.008219763,0.00209867,17.9987,2018,6,4,12,0,11.56652053,36,36.5
IN000,I09N,0.039615055,0.001645557,-31.033518,2016,3,22,0,0,24.24324541,37,38
IN001,I09N,0.046791457,0.001659966,-31.033518,2016,3,22,12,0,12.24324541,38,38
IN002,I09N,0.108843689,0.001294513,-30.847645,2016,3,22,16,0,16.17212327,38,38
IN003,I09N,0.241070583,0.001208279,-30.697225,2016,3,22,20,0,20.11455727,38,38
IN004,I09N,0.097907971,0.00158979,-30.538992,2016,3,23,0,0,24.06173678,38,39
IN005,I09N,0.076938039,0.001412171,-30.358282,2016,3,23,4,30,4.490410177,38,39
IN006,I09N,0.054383253,0.001769455,-30.207317,2016,3,23,8,0,7.932904511,38,39
IN007,I09N,0.083733196,0.001457227,-30.044142,2016,3,23,12,30,12.37062564,39,39
IN008,I09N,0.264185722,0.001785179,-29.864163,2016,3,23,20,30,20.30262078,39,39
IN009,I09N,0.179240826,0.001720427,-29.726408,2016,3,24,0,0,23.75715443,39,40
IN010,I09N,0.056014952,0.001727683,-29.515103,2016,3,24,4,30,4.175797162,39,40
IN011,I09N,0.057484065,0.001347954,-29.334833,2016,3,24,8,30,8.107634495,39,40
IN012,I09N,0.064673444,0.00129593,-29.177833,2016,3,24,12,30,12.04863785,40,40
IN013,I09N,0.0929806,0.001583906,-28.99425,2016,3,24,16,30,15.97866896,40,40
IN014,I09N,0.251577147,0.001469178,-28.859807,2016,3,24,20,15,19.67747007,40,40
IN015,I09N,0.102598751,0.001647132,-28.7014,2016,3,25,0,0,24.37400122,40,41
IN016,I09N,0.055949942,0.001771758,-28.538475,2016,3,25,4,0,4.312981222,40,41
IN017,I09N,0.06406961,0.001528203,-28.313,2016,3,25,11,30,11.72873678,40,41
IN018,I09N,0.078221989,0.001875651,-27.711317,2016,3,25,18,0,18.22878011,41,41
IN019,I09N,0.208461066,0.001680407,-27.325013,2016,3,25,22,0,22.22874733,41,41
IN020,I09N,0.145869773,0.001755596,-27.107527,2016,3,25,23,45,23.97872,41,41
IN021,I09N,0.002260491,0.001233106,-26.517437,2016,3,26,6,25,6.650688319,41,42
IN022,I09N,0.042274097,0.001674186,-25.99,2016,3,26,12,0,12.23404465,42,42
IN023,I09N,0.059490364,0.001751044,-25.9047,2016,3,26,16,0,16.23406799,42,42
IN024,I09N,0.172912494,0.001407889,-25.631,2016,3,26,18,30,18.73405465,42,42
IN025,I09N,0.198620785,0.00166796,-25.334947,2016,3,26,21,30,21.73402665,42,42
IN026,I09N,0.059819317,0.001721648,-24.964705,2016,3,27,2,0,2.239365961,42,43
IN027,I09N,0.053374734,0.001885796,-24.732362,2016,3,27,6,0,6.239345627,42,43
IN028,I09N,0.055531519,0.001785798,-24.463833,2016,3,27,9,15,9.489361514,42,43
IN029,I09N,0.047634541,0.001900838,-24.13695,2016,3,27,13,30,13.73935596,43,43
IN030,I09N,0.0240938,0.001696414,-23.879667,2016,3,27,16,30,16.73936263,43,43
IN031,I09N,0.198911453,0.001872028,-23.55864,2016,3,27,19,30,19.73936785,43,43
IN032,I09N,0.106926284,0.002148133,-23.300117,2016,3,28,0,0,24.24467078,43,44
IN033,I09N,0.054085428,0.00206875,-23.01573,2016,3,28,3,0,3.244632222,43,44
IN034,I09N,0.031253391,0.001599856,-22.699038,2016,3,28,7,0,7.244671222,43,44
IN035,I09N,0.12255941,0.001691567,-22.453317,2016,3,28,10,30,10.74466078,43,44
IN036,I09N,0.016322741,0.001962531,-22.162742,2016,3,28,14,42,14.94466578,44,44
IN037,I09N,0.224797777,0.001492921,-21.879992,2016,3,28,18,15,18.49470122,44,44
IN038,I09N,0.139062518,0.001581926,-21.609655,2016,3,28,23,0,23.24466656,44,44
IN039,I09N,0.084053853,0.002225626,-21.31626,2016,3,29,1,40,1.916630141,44,45
IN040,I09N,0.028928324,0.001716195,-20.763233,2016,3,29,11,20,11.58329036,44,45
IN041,I09N,0.058394445,0.001996849,-20.532583,2016,3,29,14,20,14.58328814,45,45
IN042,I09N,0.184993923,0.001746466,-20.199933,2016,3,29,17,30,17.74995258,45,45
IN043,I09N,0.051842294,0.001467418,-19.888642,2016,3,29,20,0,20.24995703,45,45
IN044,I09N,0.051953685,0.002154583,-19.638,2016,3,30,2,40,2.921904899,45,46
IN045,I09N,0.189389546,0.001783768,-19.264687,2016,3,30,5,0,5.255234233,45,46
IN046,I09N,0.044556717,0.002099813,-19.083232,2016,3,30,7,0,7.255219013,45,46
IN047,I09N,0.0377315,0.001935924,-18.794333,2016,3,30,11,30,11.75523601,45,46
IN048,I09N,0.053372844,0.002008948,-18.51885,2016,3,30,15,0,15.25522601,46,46
IN049,I09N,0.20703231,0.001585297,-18.233333,2016,3,30,19,0,19.25523823,46,46
IN050,I09N,0.153247129,0.00219521,-17.963083,2016,3,30,20,30,20.75522035,46,46
IN051,I09N,0.057878737,0.001861541,-17.628028,2016,3,31,2,21,2.610486882,46,47
IN052,I09N,0.050046275,0.001451577,-17.399553,2016,3,31,4,40,4.927160215,46,47
IN053,I09N,0.059495465,0.001596216,-17.095345,2016,3,31,9,32,9.793824662,46,47
IN054,I09N,0.066888964,0.001440952,-16.837822,2016,3,31,13,25,13.67714533,47,47
IN055,I09N,0.074382171,0.001479698,-16.581497,2016,3,31,16,30,16.76050355,47,47
IN056,I09N,0.262818714,0.001728808,-16.277557,2016,3,31,20,30,20.76048433,47,47
IN057,I09N,0.139564861,0.001572356,-16.003897,2016,4,1,0,8,24.39905332,47,48
IN058,I09N,0.044424645,0.001991041,-15.717108,2016,4,1,2,35,2.848386649,47,48
IN059,I09N,0.025147641,0.001611732,-15.447758,2016,4,1,7,0,7.265806649,47,48
IN060,I09N,0.052280424,0.001636741,-15.168228,2016,4,1,9,30,9.765710429,47,48
IN061,I09N,0.050351103,0.001600984,-14.929767,2016,4,1,13,15,13.51571887,48,48
IN062,I09N,0.248325137,0.002169618,-14.632748,2016,4,1,16,26,16.69904932,48,48
IN063,I09N,0.052518723,0.001649558,-14.346467,2016,4,1,20,15,20.51571665,48,48
IN064,I09N,0.139277408,0.001712509,-14.08315,2016,4,1,23,30,23.76570443,48,48
IN065,I09N,0.046496529,0.001946316,-13.840785,2016,4,2,2,56,3.204243069,48,49
IN066,I09N,0.041686215,0.001331366,-13.566538,2016,4,2,5,15,5.520902736,48,49
IN067,I09N,0.047994829,0.001750495,-13.295452,2016,4,2,10,15,10.52091051,48,49
IN068,I09N,0.049929624,0.001733629,-13.0295,2016,4,2,12,0,12.27091129,49,49
IN069,I09N,0.060070241,0.001561151,-12.761883,2016,4,2,16,30,16.77090462,49,49
IN070,I09N,0.326129387,0.002067853,-12.484433,2016,4,2,19,15,19.52091796,49,49
IN071,I09N,0.089416609,0.001564052,-12.282843,2016,4,2,23,0,23.27091007,49,49
IN073,I09N,0.041629885,0.001992376,-11.627658,2016,4,3,5,36,5.876063537,49,50
IN074,I09N,0.049448178,0.001707663,-11.420658,2016,4,3,8,5,8.35937465,49,50
IN075,I09N,0.046325277,0.001863221,-11.104455,2016,4,3,12,30,12.7760602,50,50
IN076,I09N,0.066740255,0.001909413,-10.884905,2016,4,3,15,45,16.02599687,50,50
IN077,I09N,0.050088847,0.001717681,-10.652057,2016,4,4,3,15,3.53116556,50,51
IN078,I09N,0.049700778,0.001643377,-10.347142,2016,4,4,6,0,6.28114556,50,51
IN079,I09N,0.058323876,0.001204507,-10.130763,2016,4,4,10,2,10.31449679,50,51
IN080,I09N,0.04743148,0.001832324,-9.8164167,2016,4,4,13,15,13.53115734,51,51
IN081,I09N,0.053107579,0.001335075,-9.5429183,2016,4,4,16,53,17.16450123,51,51
IN082,I09N,0.244502791,0.001693923,-9.2828267,2016,4,4,19,15,19.53119379,51,51
IN083,I09N,0.080768993,0.002092229,-8.993065,2016,4,4,23,57,24.23116323,51,51
IN084,I09N,0.033368854,0.001470651,-8.7295217,2016,4,5,2,45,3.036178075,51,52
IN085,I09N,0.097090024,0.001605498,-8.4917083,2016,4,5,6,40,6.952883075,51,52
IN087,I09N,0.017355721,0.001605763,-7.944405,2016,4,5,13,30,13.78622029,52,52
IN088,I09N,0.096098813,0.00208214,-7.673305,2016,4,5,16,22,16.65292307,52,52
IN089,I09N,0.039958844,0.001563975,-7.3797417,2016,4,5,20,35,20.86954752,52,52
IN090,I09N,0.040170971,0.001992656,-7.134695,2016,4,5,23,20,23.61955074,52,52
IN091,I09N,0.065777383,0.001539481,-6.9995967,2016,4,6,3,30,3.791202344,52,53
IN092,I09N,0.033225987,0.001572622,-6.59915,2016,4,6,5,55,6.207891458,52,53
IN093,I09N,0.07451794,0.001682131,-6.3694717,2016,4,6,10,0,10.29120123,52,53
IN094,I09N,0.02962151,0.00155543,-6.0682617,2016,4,6,12,20,12.6245389,53,53
IN095,I09N,0.054137014,0.001819895,-5.7733517,2016,4,6,17,0,17.29120246,53,53
IN096,I09N,0.223414482,0.001768069,-5.529405,2016,4,6,19,20,19.62455279,53,53
IN097,I09N,0.085611999,0.001473682,-5.2765583,2016,4,6,23,32,23.82453456,53,53
IN098,I09N,0.041328714,0.001711997,-4.97571,2016,4,7,1,55,2.212803645,53,54
IN099,I09N,0.028167747,0.001587618,-4.5334833,2016,4,7,13,0,13.2873502,54,54
IN100,I09N,0.055359019,0.00181822,-4.3603567,2016,4,7,16,0,16.28354076,54,54
IN101,I09N,0.280352928,0.001666843,-4.0690817,2016,4,7,19,0,19.2771852,54,54
IN102,I09N,0.160917904,0.001557097,-3.878605,2016,4,7,22,35,22.85627387,54,54
IN103,I09N,0.042052081,0.002247815,-3.6159533,2016,4,8,1,15,1.522231602,54,55
IN104,I09N,0.022474358,0.001749451,-3.3624483,2016,4,8,5,29,5.750559382,54,55
IN105,I09N,0.036070997,0.001853901,-3.1298167,2016,4,8,7,50,8.096004162,54,55
IN106,I09N,0.029162557,0.001935746,-2.9185167,2016,4,8,12,0,12.25825772,55,55
IN107,I09N,0.030975101,0.001244389,-2.833275,2016,4,8,14,15,14.50650672,55,55
IN108,I09N,0.259494084,0.00157903,-2.63216,2016,4,8,17,45,18.00247183,55,55
IN109,I09N,0.130604769,0.001644209,-2.5081333,2016,4,8,21,30,21.7501455,55,55
IN110,I09N,0.055375965,0.00173775,-2.3010183,2016,4,9,2,8,2.383496078,55,56
IN111,I09N,0.034339227,0.001720405,-2.2013433,2016,4,9,4,15,4.497887298,55,56
IN112,I09N,0.025810279,0.001499657,-2.0243567,2016,4,9,7,56,8.177128631,55,56
IN113,I09N,0.048222489,0.001404277,-1.8850133,2016,4,9,10,15,10.49067019,55,56
IN114,I09N,0.039217182,0.001550316,-1.7457633,2016,4,9,13,28,13.70467652,56,56
IN115,I09N,0.052978281,0.001247015,-1.5642467,2016,4,9,15,30,15.73456386,56,56
IN116,I09N,0.215333418,0.001863868,-1.4324583,2016,4,9,19,8,19.36502786,56,56
IN117,I09N,0.203680825,0.001696533,-1.2497833,2016,4,9,21,30,21.72771963,56,56
IN118,I09N,0.052203077,0.001482219,-1.1118683,2016,4,10,0,57,1.179616291,56,57
IN119,I09N,0.04285088,0.001696626,-0.9330033,2016,4,10,3,20,3.559341291,56,57
IN120,I09N,0.029171982,0.001824948,-0.812005,2016,4,10,6,20,6.557061731,56,57
IN122,I09N,0.053982758,0.001655259,-0.4346,2016,4,10,12,10,12.38297529,57,57
IN123,I09N,0.051456249,0.001624541,-0.315935,2016,4,10,15,0,15.21393762,57,57
IN124,I09N,0.086079802,0.001649398,-0.1198133,2016,4,10,17,56,18.1426654,57,57
IN125,I09N,0.337477785,0.001743441,0.00061333,2016,4,10,20,30,20.7065724,57,57
IN126,I09N,0.117399396,0.001490985,0.14746333,2016,4,10,22,56,23.13549229,57,57
IN127,I09N,0.061983516,0.001447071,0.31674833,2016,4,11,2,20,2.535091706,57,58
IN128,I09N,0.053505341,0.001748714,0.39258667,2016,4,11,5,46,5.962370933,57,58
IN129,I09N,0.061372738,0.001351175,0.54815167,2016,4,11,8,15,8.433376599,57,58
IN130,I09N,0.03229919,0.00223554,0.71849833,2016,4,11,12,35,12.75436749,58,58
IN131,I09N,0.049670976,0.001682026,0.81811333,2016,4,11,14,30,14.66397871,58,58
IN132,I09N,0.152825575,0.002149234,0.92668667,2016,4,11,19,30,19.65729437,58,58
IN133,I09N,0.068463369,0.001461262,1.098345,2016,4,11,22,30,22.64870493,58,58
IN134,I09N,0.049305717,0.001632982,1.140505,2016,4,12,1,50,1.984763737,58,59
IN135,I09N,0.045519684,0.001410797,1.45015333,2016,4,12,4,10,4.306210071,58,59
IN136,I09N,0.056246047,0.001962013,1.67274,2016,4,12,9,30,9.633655177,58,59
IN137,I09N,0.048587809,0.00149289,1.79884167,2016,4,12,11,30,11.63034007,58,59
IN138,I09N,0.427855517,0.002212658,2.01362667,2016,4,12,15,30,15.62530374,59,59
IN139,I09N,0.039638288,0.00186933,2.20116167,2016,4,12,18,10,18.28760096,59,59
IN140,I09N,0.27079814,0.001615534,2.43041,2016,4,12,22,20,22.44924074,59,59
IN141,I09N,0.095689402,0.001884908,2.59844833,2016,4,13,0,30,24.61667792,59,60
IN142,I09N,0.056405838,0.001768232,2.76184667,2016,4,13,3,58,4.079798144,59,60
IN143,I09N,0.069924085,0.001723526,3.00008333,2016,4,13,6,45,6.858011811,59,60
IN144,I09N,0.048065404,0.001685436,3.20292,2016,4,13,10,40,10.76776381,59,60
IN145,I09N,0.053964901,0.001940113,3.43100833,2016,4,13,13,35,13.68837358,60,60
IN146,I09N,0.038707504,0.001614996,3.71844833,2016,4,13,17,10,17.25115914,60,60
IN147,I09N,0.166038751,0.001340457,3.90019,2016,4,13,19,30,19.57910292,60,60
IN148,I09N,0.148973765,0.001658991,4.06534167,2016,4,13,22,25,22.48778281,60,60
IN149,I09N,0.051558643,0.001527175,4.28529667,2016,4,14,1,15,1.314810188,60,61
IN150,I09N,0.04056487,0.001362373,4.51803333,2016,4,14,3,43,3.769486302,60,61
IN151,I09N,0.051023546,0.001930999,4.65382667,2016,4,14,6,0,6.045866188,60,61
IN152,I09N,0.040447473,0.001853172,4.83345333,2016,4,14,8,50,8.869786968,60,61
IN153,I09N,0.043256418,0.002059725,5.024525,2016,4,14,11,0,11.02657897,60,61
IN154,I09N,0.0434083,0.001638532,5.33135,2016,4,14,15,0,15.01119985,61,61
IN155,I09N,0.120641225,0.00219026,5.39399667,2016,4,14,17,30,17.50790952,61,61
IN156,I09N,0.379934382,0.001942919,5.62157333,2016,4,14,19,50,19.82230708,61,61
IN157,I09N,0.172489441,0.001940524,5.76319167,2016,4,14,22,30,22.48100608,61,61
IN158,I09N,0.055261469,0.001857303,5.91055333,2016,4,15,0,30,24.4744292,61,62
IN159,I09N,0.071925358,0.002066995,6.1191,2016,4,15,3,0,2.974428643,61,62
IN160,I09N,0.01785843,0.002151032,6.20465167,2016,4,15,5,0,4.970166643,61,62
IN161,I09N,0.040888369,0.002016634,6.50151167,2016,4,15,7,30,7.455182863,61,62
IN162,I09N,0.033923232,0.002099145,6.65794833,2016,4,15,10,55,10.86389864,61,62
IN163,I09N,0.036578459,0.00215895,6.87310333,2016,4,15,13,45,13.68620542,62,62
IN164,I09N,0.030359621,0.001904262,7.06215,2016,4,15,16,50,16.75981853,62,62
IN165,I09N,0.204765248,0.002311638,7.24105833,2016,4,15,18,45,18.6672672,62,62
IN166,I09N,0.15313538,0.001445961,7.470995,2016,4,15,22,25,22.32204998,62,62
IN167,I09N,0.111951345,0.001570557,7.611185,2016,4,16,0,15,24.15297486,62,63
IN168,I09N,0.078745588,0.001755303,7.982885,2016,4,16,7,0,6.883438086,62,63
IN169,I09N,0.049720348,0.001581958,8.19895833,2016,4,16,11,37,11.48902519,62,63
IN170,I09N,0.046738102,0.001641072,8.34953667,2016,4,16,13,30,13.36461909,63,63
IN171,I09N,0.050289286,0.001978068,8.464125,2016,4,16,16,40,16.52538819,63,63
IN172,I09N,0.387003937,0.002264663,8.72011333,2016,4,16,18,55,18.76215375,63,63
IN173,I09N,0.176086496,0.001647198,8.86176,2016,4,16,22,6,21.93816109,63,63
IN174,I09N,0.10107807,0.00209932,9.08857167,2016,4,17,0,0,23.83063551,63,64
IN175,I09N,0.059762251,0.00186571,9.21897667,2016,4,17,3,21,3.173990842,63,64
IN176,I09N,0.063855354,0.00178661,9.45817667,2016,4,17,5,30,5.311929282,63,64
IN177,I09N,0.053011176,0.001750454,9.65824333,2016,4,17,9,40,9.499132615,63,64
IN178,I09N,0.048316589,0.001543878,9.96645,2016,4,17,13,0,12.86408761,64,64
IN180,I09N,0.17573669,0.002154445,9.9663,2016,4,17,19,25,19.24394073,64,64
IN181,I09N,0.197568577,0.001824087,9.89185,2016,4,17,22,25,22.22532984,64,64
IN182,I09N,0.125029725,0.001478992,9.82790833,2016,4,18,0,20,24.13001762,64,65
IN183,I09N,0.05389758,0.001874146,9.89502167,2016,4,18,4,7,3.894924849,64,65
IN184,I09N,0.064474699,0.001581717,9.96892667,2016,4,18,6,12,5.957857183,64,65
IN185,I09N,0.060471073,0.001896725,9.96489167,2016,4,18,9,16,9.015134956,64,65
IN186,I09N,0.018892921,0.002052051,9.95317,2016,4,18,11,50,11.55498518,64,65
IN187,I09N,0.054927445,0.001766139,9.96386,2016,4,18,15,30,15.20586362,65,65
IN188,I09N,0.061532482,0.00199577,9.97525667,2016,4,18,17,40,17.35615418,65,65
IN189,I09N,0.227444509,0.001354108,9.97241333,2016,4,18,22,28,22.12803352,65,65
IN190,I09N,0.0615517,0.001681196,9.338335,2016,4,19,4,19,4.000686561,65,66
IN191,I09N,0.039220028,0.001539568,8.85774167,2016,4,19,7,12,6.898251335,65,66
IN192,I09N,0.072612127,0.001024127,8.256575,2016,4,19,13,15,12.966245,66,66
IN193,I09N,0.06056173,0.001215534,7.74711,2016,4,19,16,45,16.48141133,66,66
IN194,I09N,0.189079493,0.001826171,8.040185,2016,4,19,21,15,20.99115745,66,66
IN195,I09N,0.133762055,0.001837048,8.26604333,2016,4,19,22,58,22.71532745,66,66
IN196,I09N,0.050408592,0.002524111,8.49991,2016,4,20,2,34,2.326755053,66,67
IN197,I09N,0.047347376,0.001478386,8.78672,2016,4,20,4,24,4.169639613,66,67
IN198,I09N,0.054242593,0.00152042,9.069375,2016,4,20,8,30,8.278985719,66,67
IN199,I09N,0.077275989,0.000759772,9.307015,2016,4,20,10,30,10.28682895,66,67
IN200,I09N,0.058729296,0.001593866,9.59406,2016,4,20,14,30,14.29618095,67,67
IN201,I09N,0.068637459,0.001123757,9.82695167,2016,4,20,16,20,16.13848072,67,67
IN202,I09N,0.359540522,0.001464626,10.1020233,2016,4,20,20,25,20.23156517,67,67
IN203,I09N,0.142745007,0.001852684,10.299675,2016,4,20,22,30,22.32271939,67,67
IN204,I09N,0.047625822,0.001458086,10.4908583,2016,4,21,1,56,1.767138379,67,68
IN205,I09N,0.064461093,0.001532618,10.7724717,2016,4,21,4,15,4.094984159,67,68
IN206,I09N,0.041048653,0.001487623,11.0438883,2016,4,21,8,30,8.355738932,67,68
IN207,I09N,0.056715629,0.001612334,11.2432567,2016,4,21,10,50,10.69694649,67,68
IN208,I09N,0.068837932,0.001475431,11.5082317,2016,4,21,14,0,13.87412283,68,68
IN209,I09N,0.048390487,0.001609999,11.7147183,2016,4,21,16,20,16.21560783,68,68
IN210,I09N,0.346226312,0.001534337,11.9704667,2016,4,21,20,20,20.2258296,68,68
IN211,I09N,0.217216391,0.001513321,12.1877833,2016,4,21,22,30,22.40080371,68,68
IN212,I09N,0.063780087,0.001842254,12.4742983,2016,4,22,2,7,2.032356878,68,69
IN213,I09N,0.056767694,0.001611845,12.6580717,2016,4,22,4,22,4.289755651,68,69
IN214,I09N,0.062668011,0.001845987,12.857985,2016,4,22,8,10,8.097631544,68,69
IN215,I09N,0.052096112,0.001275224,13.130095,2016,4,22,10,20,10.27506198,68,69
IN216,I09N,0.040238128,0.001631823,13.39405,2016,4,22,14,0,13.95219132,69,69
IN218,I09N,0.388581877,0.002263345,13.8132683,2016,4,22,19,40,19.63548454,69,69
IN219,I09N,0.161241095,0.001434592,14.0741683,2016,4,22,21,45,21.72916998,69,69
IN220,I09N,0.083467566,0.001554613,14.4504683,2016,4,23,2,0,1.997471641,69,70
IN221,I09N,0.195704971,0.001039831,14.545605,2016,4,23,4,30,4.501079974,69,70
IN222,I09N,0.058872669,0.001674149,14.634495,2016,4,23,8,34,8.570081307,69,70
IN223,I09N,0.055634853,0.001375138,15.0835517,2016,4,23,11,8,11.14977653,69,70
IN224,I09N,0.062599248,0.001688169,15.1647767,2016,4,23,14,30,14.51597153,70,70
IN225,I09N,0.147971808,0.00169925,15.500675,2016,4,23,16,30,16.51863597,70,70
IN226,I09N,0.397809975,0.001612107,15.72733,2016,4,23,19,50,19.85195886,70,70
IN227,I09N,0.164472304,0.001138378,15.9984133,2016,4,23,22,0,22.01863108,70,70
IN228,I09N,0.08305162,0.001845332,16.261405,2016,4,24,0,50,24.85503262,70,71
IN229,I09N,0.070069884,0.001622986,16.49956,2016,4,24,3,0,3.021722622,70,71
IN230,I09N,0.067158258,0.001332938,16.819905,2016,4,24,6,5,6.105052955,70,71
IN231,I09N,0.037689921,0.001335135,16.9983783,2016,4,24,8,30,8.520680735,70,71
IN232,I09N,0.039669681,0.001629355,17.1236567,2016,4,24,11,0,11.02172485,70,71
IN233,I09N,0.058088633,0.001737161,17.50133,2016,4,24,13,15,13.2725974,71,71
IN234,I09N,0.082303233,0.001255171,17.6369817,2016,4,24,16,24,16.4219404,71,71
IN235,I09N,0.402451625,0.001790744,17.883125,2016,4,24,18,45,18.77240607,71,71
IN236,I09N,0.440866426,0.002036813,17.6312383,2016,4,24,21,10,21.1931924,71,71
IN237,I09N,0.328893976,0.001850997,17.2860767,2016,4,24,22,47,22.81570074,71,71
IN238,I09N,0.210176416,0.001351541,15.402505,2016,4,25,1,22,1.411104319,71,71.5
C132020_001_META,C13,0.352039346,0.001517855,-34.44333333,2020,3,21,20,30,20.51709486,72,72
C132020_002_META,C13,0.043582705,0.000616457,-35.32066667,2020,3,22,6,46,6.636651297,72,73
C132020_003_META,C13,0.071805369,0.001258952,-35.647625,2020,3,22,10,26,10.24713463,72,73
C132020_004_META,C13,0.03427378,0.001383555,-35.7863,2020,3,22,12,1,11.80664907,72,73
C132020_006_META,C13,0.165935382,0.001620216,-36.46283333,2020,3,22,20,20,20.04044019,73,73
C132020_007_META,C13,0.070310504,0.00172144,-37.82228833,2020,3,22,7,21,6.913995408,73,73
C132020_029V2_META,C13,0.152966085,0.00448688,-33.9346,2020,3,27,7,58,7.941384516,74,74
C132020_030V1_META,C13,0.15321751,0.004330819,-32.99987333,2020,3,27,14,15,14.22273652,75,74
C132020_034_META,C13,0.04263227,0.000926378,-30.47590833,2020,3,28,13,28,13.28557534,75,75
C132020_036_META,C13,0.281252275,0.001404643,-29.61326333,2020,3,28,19,24,19.12985845,75,75
C132020_037V1_META,C13,0.230310554,0.001764722,-29.39834333,2020,3,28,21,16,20.974494,75,75
C132020_038_META,C13,0.043387093,0.001552195,-28.10517833,2020,3,29,7,15,6.831466472,75,76
C132020_039_META,C13,0.063218872,0.001204386,-27.75354833,2020,3,29,10,15,9.795928139,75,76
C132020_040_META,C13,0.037863908,0.001444468,-27.49199833,2020,3,29,12,16,11.78628125,75,76
C132020_041_META,C13,0.016854083,0.001718818,-27.00710167,2020,3,29,16,9,15.62085547,76,76
C132020_042_META,C13,0.131437283,0.002223024,-26.75653667,2020,3,29,18,21,17.79583869,76,76
C132020_043_META,C13,0.176087708,0.002058756,-26.49841667,2020,3,29,20,25,19.83666425,76,76
C132020_045_META,C13,0.042326505,0.001891508,-24.988865,2020,3,30,8,2,8.309084788,76,77
C132020_046_META,C13,0.014960991,0.001494529,-24.72415,2020,3,30,10,0,10.25076712,76,77
C132020_047_META,C13,0.02177428,0.001683804,-24.57919,2020,3,30,10,55,11.15677223,76,77
C132020_048_META,C13,0.051756852,0.001666986,-24.41115167,2020,3,30,12,1,12.24444223,77,77
C132020_049_META,C13,0.024253598,0.002002686,-24.21385,2020,3,30,13,17,13.49676034,77,77
C132020_051_META,C13,0.013893035,0.001743712,-23.94651,2020,3,30,15,58,16.1602599,77,77
C132020_052_META,C13,0.055268906,0.001565556,-23.65191833,2020,3,30,18,9,18.32235234,77,77
C132020_053V1_META,C13,0.056595631,0.00154194,-23.35313333,2020,3,30,20,8,20.28389012,77,77
C132020_053V2_META,C13,0.087570823,0.001830551,-23.35313333,2020,3,30,20,8,20.28389012,77,77
C132020_054_META,C13,0.053190305,0.0015738,-21.57441667,2020,3,31,7,6,7.127466882,77,78
C132020_055_META,C13,0.0278913,0.001852816,-21.43249333,2020,3,31,8,2,8.050700549,77,78
C132020_056_META,C13,0.052158719,0.001419969,-21.22805167,2020,3,31,9,23,9.386069104,77,78
C132020_058_META,C13,0.062045454,0.001114711,-20.9985,2020,3,31,11,0,10.98642799,77,78
C132020_060_META,C13,0.032463714,0.002089958,-20.69698667,2020,3,31,13,2,12.99773333,78,78
C132020_061_META,C13,0.053364077,0.001676634,-20.53968,2020,3,31,14,5,14.0361721,78,78
C132020_062_META,C13,0.001761303,0.00153733,-20.25484167,2020,3,31,16,0,15.93220266,78,78
C132020_063_META,C13,0.01948331,0.001782015,-19.97425667,2020,3,31,18,0,17.91186522,78,78
C132020_064_META,C13,0.073566136,0.001964527,-19.69571167,2020,3,31,19,47,19.67618355,78,78
C132020_065_META,C13,0.046637588,0.001845237,-18.06347,2020,4,1,6,58,6.745510427,78,79
C132020_067_META,C13,0.010488678,0.001465254,-17.59722,2020,4,1,10,9,9.896665537,78,79
C132020_068_META,C13,0.013627709,0.001634473,-17.31355333,2020,4,1,12,0,11.72753998,78,79
C132020_069_META,C13,0.003736441,0.001525281,-17.114045,2020,4,1,13,20,13.04729254,79,79
C132020_070_META,C13,0.019665391,0.000811228,-17.001265,2020,4,1,14,11,13.8896722,79,79
C132020_071_META,C13,0.026402832,0.001892572,-16.70411167,2020,4,1,16,7,15.8029502,79,79
C132020_073V1_META,C13,0.104848477,0.001402795,-16.13483667,2020,4,1,19,50,19.48123009,79,79
C132020_073V2_META,C13,0.132386913,0.001562145,-16.13483667,2020,4,1,19,50,19.48123009,79,79
C132020_074_META,C13,0.012033766,0.001788202,-14.272045,2020,4,2,7,38,7.171959623,79,80
C132020_075_META,C13,0.015915697,0.001806821,-14.12569333,2020,4,2,8,34,8.096435956,79,80
C132020_076_META,C13,0.029471682,0.001935032,-13.85448,2020,4,2,10,15,9.763323845,79,80
C132020_077_META,C13,0.039801135,0.001790208,-13.71371167,2020,4,2,11,5,10.58809262,79,80
C132020_078_META,C13,0.057670218,0.001873335,-13.55571333,2020,4,2,12,6,11.59523796,79,80
C132020_079_META,C13,0.055360034,0.002022988,-13.334585,2020,4,2,13,28,12.94840596,80,80
C132020_080_META,C13,0.039214127,0.001512766,-13.25374167,2020,4,2,13,58,13.44360829,80,80
C132020_081_META,C13,0.039243273,0.001969144,-13.06268833,2020,4,2,15,11,14.64866762,80,80
C132020_083_META,C13,0.088054462,0.00145445,-12.601055,2020,4,2,18,7,18.55271551,80,80
C132020_084_META,C13,0.070290206,0.001994186,-12.43809333,2020,4,2,19,9,19.57570207,80,80
C132020_086_META,C13,0.197189473,0.001551871,-12.27508167,2020,4,3,20,11,20.60375387,80,81
C132020_087_META,C13,0.076678632,0.001591049,-10.47969167,2020,4,3,6,42,7.00630865,80,81
C132020_088_META,C13,0.045283613,0.001718762,-10.279255,2020,4,3,8,2,8.327031983,80,81
C132020_089_META,C13,0.048141241,0.001475969,-9.983323333,2020,4,3,10,6,10.37390698,80,81
C132020_090_META,C13,0.029239432,0.001801675,-9.640178333,2020,4,3,12,14,12.48641543,81,81
C132020_091_META,C13,0.057325565,0.001490166,-9.352245,2020,4,3,14,6,14.33464798,81,81
C132020_092_META,C13,0.002252702,0.001707716,-9.051413333,2020,4,3,16,2,16.24876554,81,81
C132020_093_META,C13,0.083754091,0.001604991,-8.758585,2020,4,3,17,56,18.13006465,81,81
C132020_094_META,C13,0.05760704,0.001892229,-8.539345,2020,4,3,19,20,19.51612221,81,81
C132020_095V1_META,C13,0.314289242,0.001566346,-8.314066667,2020,4,3,20,47,20.95174176,81,81
C132020_095V2_META,C13,0.315196463,0.001834681,-8.314066667,2020,4,3,20,47,20.95174176,81,81
C132020_096_META,C13,0.039285387,0.001463579,-6.742606667,2020,4,4,6,55,6.992359007,81,82
C132020_098_META,C13,0.042881734,0.00136405,-6.267831667,2020,4,4,9,55,9.965696007,81,82
C132020_099_META,C13,0.16673765,0.001778306,-6.048825,2020,4,4,11,12,11.23675567,81,82
C132020_101_META,C13,0.029373814,0.001742702,-5.667961667,2020,4,4,13,30,13.51547601,82,82
C132020_102_META,C13,0.048173558,0.001443178,-5.577761667,2020,4,4,14,3,14.04296034,82,82
C132020_103V1_META,C13,0.042381195,0.001654602,-5.26616,2020,4,4,15,57,15.94296034,82,82
C132020_103V2_META,C13,0.049606048,0.001836269,-5.26616,2020,4,4,15,57,15.94296034,82,82
C132020_104V1_META,C13,0.222610025,0.001664944,-0.398501667,2020,4,5,22,10,21.88321563,83,83
C132020_104V2_META,C13,0.211687739,0.001660914,-0.398501667,2020,4,5,22,10,21.88321563,83,83
C132020_105_META,C13,0.160821782,0.001828205,0.21595,2020,4,5,23,22,23.07687479,83,83
C132020_106_META,C13,0.056747609,0.001728908,1.041333333,2020,4,6,7,28,7.099151566,83,84
C132020_107_META,C13,0.045763785,0.0017927,1.140923333,2020,4,6,8,8,7.692658344,83,84
C132020_108_META,C13,0.048710947,0.001348108,1.268378333,2020,4,6,8,58,8.584380456,83,84
C132020_109_META,C13,0.051745907,0.001494901,1.431563333,2020,4,6,10,2,9.640453011,83,84
C132020_110_META,C13,0.056850313,0.001678096,1.567861667,2020,4,6,10,55,10.51493634,83,84
C132020_111_META,C13,0.049570877,0.001498377,1.74628,2020,4,6,12,4,11.65329668,83,84
C132020_112_META,C13,0.048067446,0.00158915,1.903898333,2020,4,6,13,5,12.65979112,84,84
C132020_113_META,C13,0.052352133,0.001532136,2.044313333,2020,4,6,14,0,13.56725646,84,84
C132020_114_META,C13,0.051402326,0.001128562,2.359298333,2020,4,6,16,3,15.5968559,84,84
C132020_115_META,C13,0.485961936,0.00181045,2.679495,2020,4,6,18,5,17.60937601,84,84
C132020_116_META,C13,0.439920325,0.001552949,2.710685,2020,4,6,18,21,17.8738829,84,84
C132020_117_META,C13,0.294640431,0.001682358,2.940266667,2020,4,6,20,5,19.59239812,84,84
C132020_118V1_META,C13,0.24635724,0.001719502,3.165133333,2020,4,6,21,27,20.94453923,84,84
C132020_118V2_META,C13,0.236488191,0.001419892,3.165133333,2020,4,6,21,27,20.94453923,84,84
C132020_120_META,C13,0.060721401,0.001731065,4.862145,2020,4,7,6,59,7.37656587,84,85
C132020_121_META,C13,0.029736444,0.001843005,5.184071667,2020,4,7,9,4,9.440849647,84,85
C132020_122_META,C13,0.059455983,0.001598497,5.517905,2020,4,7,11,6,11.45463187,84,85
C132020_123_META,C13,0.029242921,0.001659537,5.817836667,2020,4,7,12,57,13.28707465,85,85
C132020_124_META,C13,0.104325745,0.001901739,6.134835,2020,4,7,15,5,15.40173487,85,85
C132020_125_META,C13,0.459451639,0.001981916,6.449866667,2020,4,7,17,0,17.29966242,85,85
C132020_126_META,C13,0.473038885,0.001881352,6.768168333,2020,4,7,19,2,19.31405665,85,85
C132020_127_META,C13,0.352242224,0.001865073,6.890635,2020,4,7,19,48,20.07343676,85,85
C132020_128V1_META,C13,0.256847533,0.001844974,7.045885,2020,4,7,20,45,21.01417998,85,85
C132020_128V2_META,C13,0.260412417,0.001866987,7.045885,2020,4,7,20,45,21.01417998,85,85
C132020_129_META,C13,0.020535027,0.00171762,7.25134,2020,4,7,22,3,22.30189898,85,85
C132020_130_META,C13,0.135196717,0.001765638,7.402731667,2020,4,7,23,1,23.25961654,85,85
C132020_131_META,C13,0.041594354,0.001802643,8.5724,2020,4,8,6,47,6.959471937,85,86
C132020_132_META,C13,0.08254136,0.001423888,8.83135,2020,4,8,8,58,9.126469382,85,86
C132020_133_META,C13,0.041313498,0.002067346,9.001183333,2020,4,8,10,8,10.28237794,85,86
C132020_134_META,C13,0.023184533,0.001999501,9.150383333,2020,4,8,11,7,11.25636572,85,86
C132020_135_META,C13,0.036299106,0.001825946,9.426135,2020,4,8,12,58,13.08885638,86,86
C132020_136_META,C13,0.039647677,0.001739375,9.739721667,2020,4,8,15,4,15.16914516,86,86
C132020_137_META,C13,0.088816004,0.001588479,10.0046,2020,4,8,17,0,17.0857416,86,86
C132020_138_META,C13,0.300283771,0.001817025,10.31493,2020,4,8,19,2,19.09937838,86,86
C132020_139V1_META,C13,0.325531013,0.001426978,10.56321333,2020,4,8,20,37,20.66705294,86,86
C132020_139V2_META,C13,0.333796502,0.001577853,10.56321333,2020,4,8,20,37,20.66705294,86,86
C132020_140_META,C13,0.25659602,0.001402991,10.76422333,2020,4,8,21,53,21.9209976,86,86
C132020_141_META,C13,0.087147193,0.00147332,12.24615167,2020,4,9,7,3,7.002414078,86,87
C132020_142_META,C13,0.05513742,0.001663238,12.54240667,2020,4,9,9,0,8.934628523,86,87
C132020_143_META,C13,0.05276387,0.001347703,12.88496833,2020,4,9,11,7,11.03062908,86,87
C132020_144_META,C13,0.059124311,0.001413318,13.17151,2020,4,9,12,57,12.84619619,87,87
C132020_145_META,C13,0.038535818,0.001906142,13.49801667,2020,4,9,15,5,14.95837252,87,87
C132020_146_META,C13,0.04497295,0.00179032,13.78911,2020,4,9,16,58,16.82288119,87,87
C132020_147_META,C13,0.096799344,0.001707638,13.96283833,2020,4,9,18,5,17.92825386,87,87
C132020_148_META,C13,0.193236639,0.001684695,14.10636167,2020,4,9,18,59,18.81900474,87,87
C132020_150V1_META,C13,0.249396681,0.00170752,14.41768167,2020,4,9,20,51,20.66540063,87,87
C132020_150V2_META,C13,0.237083343,0.001961929,14.41768167,2020,4,9,20,51,20.66540063,87,87
C132020_151_META,C13,0.024440634,0.001376748,16.04557,2020,4,10,6,19,6.026182955,87,88
C132020_152_META,C13,0.033026172,0.001503289,16.31074167,2020,4,10,8,4,7.757662177,87,88
C132020_153_META,C13,0.047010017,0.001194516,16.46099167,2020,4,10,9,5,8.763816289,87,88
C132020_154_META,C13,0.059815374,0.001785405,16.615725,2020,4,10,10,7,9.786258844,87,88
C132020_155_META,C13,0.044354625,0.001568277,16.90805167,2020,4,10,12,0,11.64898918,87,88
C132020_156_META,C13,0.037898424,0.001618182,17.25328167,2020,4,10,14,8,13.7582004,88,88
C132020_157_META,C13,0.023049701,0.001785262,17.559225,2020,4,10,16,0,15.60317107,88,88
C132020_158_META,C13,0.045549498,0.001753182,17.74605,2020,4,10,17,9,16.74008418,88,88
C132020_159_META,C13,0.113513623,0.001495168,17.88377,2020,4,10,18,1,17.59694362,88,88
C132020_160V1_META,C13,0.223133301,0.001304182,18.190265,2020,4,10,20,2,19.59189073,88,88
C132020_160V2_META,C13,0.23558501,0.00180716,18.190265,2020,4,10,20,2,19.59189073,88,88
C132020_161_META,C13,0.056117294,0.001691577,19.758645,2020,4,11,6,23,6.835111375,88,89
C132020_163_META,C13,0.013832171,0.001249693,20.304585,2020,4,11,10,10,10.57936915,88,89
C132020_164_META,C13,0.231227544,0.001675999,20.57851667,2020,4,11,12,1,12.40971249,89,89
C132020_166_META,C13,0.033439439,0.002071338,20.88549167,2020,4,11,14,1,14.38775926,89,89
C132020_167_META,C13,0.019274725,0.001723681,21.03865333,2020,4,11,15,1,15.37672593,89,89
C132020_168_META,C13,0.053972694,0.00119159,21.19005667,2020,4,11,16,0,16.3490456,89,89
C132020_169_META,C13,0.048799691,0.00027203,21.34095833,2020,4,11,17,0,17.3381466,89,89
C132020_170_META,C13,0.073329195,0.001532008,21.490495,2020,4,11,17,58,18.29489071,89,89
C132020_171_META,C13,0.020074625,0.001385721,21.649615,2020,4,11,19,0,19.31584682,89,89
C132020_173V1_META,C13,0.111539539,0.00151307,21.87861,2020,4,11,20,35,20.88262837,89,89
C132020_173V2_META,C13,0.108649081,0.001223039,21.87861,2020,4,11,20,35,20.88262837,89,89
C132020_174_META,C13,0.001166089,0.001374309,23.35102667,2020,4,12,6,32,6.729755291,89,90
C132020_177_META,C13,0.023771311,0.001536764,23.84893833,2020,4,12,10,8,10.2933114,89,90
C132020_178_META,C13,0.014264927,0.001593177,23.97596,2020,4,12,11,2,11.18395929,89,90
C132020_179_META,C13,0.007309967,0.001686047,24.124135,2020,4,12,12,3,12.19011907,90,90
C132020_180_META,C13,0.002883215,0.00147158,24.43885833,2020,4,12,14,5,14.20152462,90,90
C132020_182_META,C13,0.078840543,0.001712295,24.74618,2020,4,12,16,5,16.18008829,90,90
C132020_183_META,C13,0.124933335,0.001721398,24.89213833,2020,4,12,17,3,17.1365734,90,90
C132020_185_META,C13,0.101591601,0.001631281,25.13373167,2020,4,12,19,3,19.11134374,90,90
C132020_186_META,C13,0.170927261,0.000785385,25.23281667,2020,4,12,20,4,20.11493551,90,90
C132020_187_META,C13,0.165549661,0.000427426,25.30106333,2020,4,12,20,45,20.78948674,90,90
C132020_188_META,C13,0.074282216,0.001429415,26.27686167,2020,4,13,6,40,6.580815142,90,91
C132020_189_META,C13,0.033844809,0.00149018,26.42352,2020,4,13,8,9,8.044879586,90,91
C132020_191_META,C13,0.029957603,0.001485587,26.71770333,2020,4,13,11,9,11.00563248,90,91
C132020_192_META,C13,0.022768078,0.001164439,26.80133167,2020,4,13,12,1,11.86101803,90,91
C132020_193_META,C13,0.019819536,0.001146097,26.99160167,2020,4,13,14,0,13.81886559,91,91
C132020_195_META,C13,0.0590483,0.001888958,27.198015,2020,4,13,16,7,15.9079767,91,91
C132020_196_META,C13,0.014530939,0.001375635,27.280885,2020,4,13,17,0,16.78016348,91,91
C132020_197_META,C13,0.040316879,0.000927515,27.38236667,2020,4,13,18,1,17.78324014,91,91
C132020_198_META,C13,0.05275276,0.001600602,27.48378167,2020,4,13,19,3,18.80285048,91,91
C132020_199_META,C13,0.058910172,0.001726375,27.57961,2020,4,13,20,1,19.75634436,91,91
C132020_200V1_META,C13,0.102165289,0.001202106,27.658895,2020,4,13,20,49,20.54601003,91,91
C132020_200V2_META,C13,0.10624592,0.00119635,27.658895,2020,4,13,20,49,20.54601003,91,91
C132020_201_META,C13,0.03057664,0.001232863,28.70142333,2020,4,14,5,56,5.525690968,91,92
C132020_202_META,C13,0.037760709,0.001648966,28.80964333,2020,4,14,7,1,6.594404524,91,92
C132020_203_META,C13,0.042962486,0.001607893,28.93242167,2020,4,14,8,17,7.844185413,91,92
C132020_204_META,C13,0.055014694,0.001791055,29.01903,2020,4,14,9,10,8.715768635,91,92
C132020_205_META,C13,0.036331749,0.001430994,29.12637,2020,4,14,10,15,9.784346746,91,92
C132020_206_META,C13,0.008478181,0.001809919,29.194795,2020,4,14,10,56,10.45840863,91,92
C132020_207_META,C13,0.037926773,0.001283706,29.30211333,2020,4,14,12,3,11.5603353,91,92
C132020_208_META,C13,0.015266066,0.000950004,29.435955,2020,4,14,13,1,12.51658663,92,92
C132020_209_META,C13,0.028991584,0.00128853,29.59095667,2020,4,14,14,0,14.49047475,92,92
C132020_210_META,C13,0.033013902,0.001626637,29.76001667,2020,4,14,15,2,15.51351375,92,92
C132020_211_META,C13,0.055978135,0.001256,29.91525333,2020,4,14,16,0,16.4707253,92,92
C132020_212_META,C13,0.034062009,0.001043121,30.07482,2020,4,14,17,0,17.46096252,92,92
C132020_213_META,C13,0.083897721,0.001072661,30.23709333,2020,4,14,18,1,18.46765886,92,92
C132020_214_META,C13,0.068315624,0.001164773,30.39929667,2020,4,14,19,3,19.49105286,92,92
C132020_215V2_META,C13,0.063827883,0.000349609,30.52174833,2020,4,14,19,54,20.33356519,92,92
C132020_217_META,C13,0.013414285,0.001616039,32.20803333,2020,4,15,7,18,7.633177418,92,93
C132020_218_META,C13,0.045489171,0.000787422,32.31193,2020,4,15,8,0,8.326790974,92,93
C132020_219_META,C13,0.084295638,0.001721408,32.461225,2020,4,15,8,59,9.301709529,92,93
C132020_221M5_META,C13,0.061335184,0.001124591,32.88913584,2020,4,15,12,9,12.44053442,93,93
C132020_223_META,C13,0.209126526,0.000824122,33.22416333,2020,4,15,15,6,15.36946475,93,93
C132020_225_META,C13,0.411314249,0.000958176,33.58736833,2020,4,15,18,0,18.24638642,93,93
C132020_226_META,C13,0.400800853,0.001364026,33.73501667,2020,4,15,19,15,19.48694864,93,93
C132020_227V1_META,C13,0.209864445,0.001740351,33.857605,2020,4,15,20,23,20.61234531,93,93
C132020_227V2_META,C13,0.192711019,0.001394728,33.857605,2020,4,15,20,23,20.61234531,93,93
C132020_231_META,C13,0.066538737,0.001551307,34.50448833,2020,4,16,12,16,12.36952786,94,94
C132020_232_META,C13,0.052658845,0.001462036,35.61716333,2020,4,16,13,46,13.85648142,94,94
C132020_233_META,C13,0.162992319,0.001179176,35.735065,2020,4,16,15,37,15.69294031,94,94
C132020_234_META,C13,0.556212941,0.001712352,35.943955,2020,4,16,18,10,18.21923642,94,94
C132020_235V1_META,C13,0.355292314,0.001059756,36.09095667,2020,4,16,20,16,20.29880486,94,94
C132020_235V2_META,C13,0.432122057,0.001163262,36.09095667,2020,4,16,20,16,20.29880486,94,94